B.subtilis,E.coli,S.aureus,S.enterica,V.harvey_1,V.harvey_2
0.0074102283,0.0011215471,0.49228492,0.025471961,0.033627257,0.00025129123
3.6617462e-07,1.0,6.820027e-10,0.007506562,0.005307279,0.00070671097
2.2676312e-10,8.673913e-06,0.028406547,5.0857812e-05,0.005885854,0.13800554
9.968036e-14,1.3145208e-06,4.4560118e-13,3.9467832e-07,0.0063386844,0.0022251487
0.00020793997,1.0,3.959193e-06,0.022496032,0.0014501633,0.5210382
0.04360219,1.0,0.0003298664,0.06937943,0.0014515034,0.00016948716
1.48888155e-08,0.37355906,8.525793e-09,7.919957e-05,0.04484277,0.0007905056
3.8001197e-13,1.3918519e-07,2.9470243e-10,4.990205e-07,0.0044248183,0.0065735877
0.00014297193,0.0018018666,0.0001029463,0.001649034,0.02886929,1.0
1.3068208e-11,3.5120702e-06,2.0427969e-10,1.2590058e-06,0.0109406905,0.0005376711
3.1683465e-11,0.0024157555,6.693527e-06,0.0026112539,1.0,0.023516783
6.6844335e-09,1.0,0.0066388925,3.835168e-06,0.014280827,0.00045239518
1.3700705e-05,1.0,2.485901e-06,0.00027328776,0.0015682373,0.0013316834
2.1844363e-13,0.00062201475,2.7784804e-11,2.0426844e-05,0.03442134,1.0
1.7338304e-07,1.1665069e-05,5.333443e-06,0.00023598703,1.0,0.6105516
6.175764e-08,0.0034970054,2.0426535e-07,0.011850769,1.0,0.026976144
0.0013064948,0.0043273764,0.0014294874,0.015377719,0.0094964085,0.9964988
8.1751057e-07,1.0,3.4467234e-06,0.0011708306,0.0453631,0.063317
3.740207e-12,0.0011273592,2.8259745e-10,0.00042134972,1.0,0.0057603666
4.6841546e-06,0.0002307629,1.7105012e-05,0.00073673425,0.039941072,0.05609888
1.7467024e-05,1.0,9.88311e-06,0.051496256,0.011118762,0.03342753
9.8748645e-09,0.0017453457,0.03725449,0.00014553,0.017123003,0.00018024923
1.855632e-11,7.3599826e-05,1.2945991e-06,5.2914373e-05,0.035683546,1.0
3.8639982e-06,0.18441437,2.3283721e-06,4.2116837e-05,0.99999917,0.0044271313
3.6201736e-11,6.39355e-05,4.714252e-06,3.4463785e-05,0.056104526,1.0
0.00032812564,0.91280735,0.0007247056,0.012846073,0.14944272,0.4061085
3.1097613e-08,4.3519696e-05,2.764192e-07,2.0879259e-05,1.0,0.011168248
7.781729e-05,0.001332897,1.1172114e-06,0.005579491,0.014378936,1.0
2.8170172e-08,0.001514751,2.935585e-05,5.1456194e-05,0.024099536,0.43898362
6.04501e-10,0.9999987,1.4763709e-12,0.0005412922,0.043745264,0.00721425
6.9858737e-07,1.0,3.6029164e-08,0.000637416,0.055638872,0.023823427
7.765467e-11,0.0051473873,6.007057e-06,2.594149e-07,0.10314787,0.027980668
1.9404077e-13,4.5557604e-07,5.949934e-12,3.7926097e-06,1.0,0.0043419925
7.4797786e-06,1.0,0.00019996065,0.0025336358,0.057520155,1.8916473e-06
8.157564e-11,2.4960823e-07,2.3803244e-08,7.72056e-06,0.99999964,0.12457545
6.505736e-08,0.0001239992,9.634897e-07,0.00034233864,0.022572951,0.010655115
0.12723579,1.0,0.0042028464,4.7695407e-06,0.35383707,0.024868738
3.732838e-12,0.0033776155,2.677168e-09,4.5306783e-07,1.0,0.038845725
0.00017782176,0.00011360698,1.4652902e-05,0.060128316,0.014954334,1.0
7.2964e-11,0.0010823992,1.2989724e-08,0.00016837059,1.0,0.090284266
4.268626e-19,1.0,1.7426494e-11,1.2441964e-05,0.29806766,0.013958999
8.8088264e-08,0.005221827,1.367729e-06,6.6045124e-07,1.0,0.28244117
1.5627945e-12,0.0012824837,0.7201795,4.3838148e-07,0.084300436,0.019099128
3.399861e-05,0.000429435,1.2078432e-09,3.2954708e-06,0.003826437,0.003312226
1.0380913e-12,0.9998869,1.589003e-05,0.0014900592,0.12400094,1.0
0.000266376,0.00044283562,0.00025238493,0.00069996796,1.0,0.002196376
1.28600055e-08,0.34626353,2.6601467e-13,5.62555e-06,0.91574883,0.5894933
1.9419604e-06,6.302638e-05,9.9266295e-08,6.236956e-06,0.9999931,0.03698404
1.7953775e-10,0.0010978361,7.169089e-10,1.7876554e-06,1.0,0.011201092
1.3127741e-11,3.7779066e-07,3.385337e-08,6.924486e-06,0.003943807,0.00861903
9.457207e-10,0.9997085,3.010668e-10,1.4293272e-06,0.22509354,0.048388533
2.6634495e-11,1.0,3.610776e-10,8.460444e-06,0.00059052074,0.10736287
1.2281283e-09,1.0,7.692895e-06,2.4267494e-05,0.00033907106,0.0076361154
0.00013864407,0.10184684,4.9973368e-09,1.1619858e-05,0.00011149817,0.92539483
1.3375704e-05,5.6553345e-05,2.763425e-06,5.164032e-07,0.00023248415,1.0
4.8391594e-06,0.00026481817,1.3375704e-05,3.9985905e-05,0.001968698,0.0021084212
3.6034322e-08,1.0,0.00035300505,0.00354002,0.0026327444,0.0046662185
0.019042954,0.0015335997,0.00090042094,0.0012953801,1.0,0.00031114847
0.0023477874,1.0,0.018609574,0.04707315,0.042436905,0.018864505
2.3936127e-13,0.0016164314,4.729695e-13,1.6815924e-06,0.12248752,0.6748219
1.13566e-12,0.00058229757,1.0637396e-05,1.8882895e-06,1.0,0.0029397951
1.9501512e-13,8.553011e-09,1.0433006e-14,2.1070473e-10,0.0011291363,0.0013371303
7.026278e-08,0.0005280252,1.4543603e-13,0.000120160774,0.011203136,0.0017542051
2.4662685e-11,0.18565705,2.437926e-07,2.2963e-06,0.073686615,0.109493695
0.00076530507,0.93629354,0.00085214514,0.0010843715,0.33696866,0.008334781
1.7239502e-08,1.0819644e-05,2.0663072e-05,0.005683667,0.025221767,1.0
8.458626e-08,0.09779627,0.0005025985,0.0049912864,0.43714127,0.14875068
1.3724248e-09,0.00024996026,0.00031092454,5.8585055e-08,1.0,0.021276759
6.574305e-08,0.0012323527,2.1301598e-07,0.012781088,0.0021559626,1.0
0.00014414093,1.0,0.0041836267,0.0038424926,0.03520418,0.000804419
9.35496e-11,0.99999964,8.070159e-06,0.0011594573,0.031988323,0.0009151314
7.519743e-12,1.0,9.74088e-10,2.701064e-05,0.0033123735,0.089696206
4.5868787e-10,0.0001969736,6.583098e-09,6.763979e-08,0.0011750226,0.0008182532
1.7827792e-17,1.0,1.3995648e-10,7.784902e-09,0.0054772715,0.0035918034
1.5192184e-06,0.0012639939,0.00013516846,0.0004552497,0.011208736,1.0
7.077597e-07,0.00070136256,2.3368326e-12,0.0019884526,0.0116070295,0.26912233
0.016095964,0.7768862,0.006212295,0.05031926,0.01594995,1.0746694e-09
0.0005859989,0.045694955,8.101668e-05,0.0016748967,0.9999008,0.0014869077
1.9038444e-11,1.3122864e-05,1.8055482e-11,0.00042674816,0.8266607,5.1760588e-05
1.5385414e-05,0.0053164978,0.0025777367,0.23073043,0.0021179696,0.012097593
1.2411831e-10,1.0,2.8284503e-06,0.0006376532,0.008509307,0.015608524
1.5979363e-07,1.0024356e-05,4.9129845e-05,0.00070483575,1.0,0.010656779
9.0396e-10,1.654786e-05,1.43978545e-08,4.3043576e-07,1.0,0.0027173671
4.5833334e-15,1.01075946e-19,1.0284392e-14,1.592553e-10,1.073515e-07,1.15629215e-10
0.00028313597,0.0052729934,5.503122e-06,0.00045610132,1.0,0.04807136
2.7466885e-07,0.002960051,6.0677348e-09,0.00010902419,4.9747687e-05,0.05192226
2.3018447e-09,0.003790683,0.048430905,0.50037426,0.0029311548,1.0
4.4589685e-10,0.0022025472,1.7587137e-05,0.013423549,0.08551222,0.012865207
0.29630926,1.0,0.008399734,0.002856826,0.077985406,0.00030791678
5.925379e-09,3.1739457e-08,1.2938181e-10,3.5492522e-07,0.10538158,1.0
0.0061799674,0.0072864178,0.005248868,0.0021497756,0.0058554066,1.0
3.8598378e-13,3.802254e-07,3.700744e-09,1.2259684e-06,0.056160197,0.001829103
5.2040217e-14,1.9442312e-09,9.309016e-12,1.8035666e-10,0.0040242607,0.17816746
6.689248e-05,1.0,0.00024982347,0.008275948,0.0045232303,0.0016926955
5.0403626e-10,1.0,2.7404006e-08,0.00061877887,0.006512277,0.0007414154
3.479153e-05,0.00030712286,0.00012960784,0.00010600448,0.74832845,0.99360245
6.3526735e-05,0.0010599928,6.306787e-05,0.0038875865,1.0,0.0004019975
1.752494e-06,1.0,3.1139027e-09,0.005043923,0.9926379,0.01976487
2.6415656e-13,2.2529545e-07,2.4042175e-14,0.0007754635,0.82877624,0.30532998
8.502275e-10,2.117606e-05,0.24661647,3.3666678e-05,0.0020405592,1.0
9.226641e-12,0.4092928,4.470925e-05,0.0016884907,0.0039903503,0.012007164
0.0001225635,0.014201516,0.0001602572,0.0013586966,0.0053714495,1.0
0.14666854,1.0,0.00811773,0.33766946,0.013461447,0.00051011395
4.5944194e-05,0.0023575972,1.603209e-05,0.0010764771,1.0,0.08318892
4.93758e-09,1.8563233e-05,0.00459539,6.588104e-05,1.0,0.013315207
1.8002704e-05,0.00029429028,1.2070402e-08,5.706939e-06,0.0124452505,0.003279608
9.311759e-10,7.5870607e-06,2.479509e-14,2.3494964e-05,0.00083051895,0.91381454
1.9626332e-09,0.0008996697,1.4892471e-07,0.00013472118,0.9999999,0.4210601
3.164931e-09,0.6243931,0.9901715,0.03374365,0.938258,0.006601269
0.00026609603,0.0010463404,3.695474e-06,0.0012130297,1.0,0.023017306
0.007618528,0.117488794,0.7711819,0.00016923832,1.0,0.15006682
1.183534e-11,0.00028187543,9.49914e-08,5.7058887e-06,0.0055108652,1.0
2.5196598e-11,0.007599627,0.0012431543,2.2345544e-07,0.7672492,0.8159923
8.534883e-07,0.00044881224,0.0005191334,9.2108934e-07,0.014716268,0.020323763
9.14195e-06,0.0002671874,7.7303695e-05,0.0001230915,1.0,0.018940102
3.2997848e-11,6.336597e-05,3.7711288e-06,1.6080971e-08,0.0075806193,0.019415926
0.0065142857,0.00026463694,0.00012300185,0.011672219,1.0,0.007397319
9.142644e-19,6.8457795e-10,2.0849831e-14,7.9672924e-10,0.32220063,0.99999976
1.1840426e-10,2.7112368e-05,3.888707e-10,9.181091e-06,0.061159458,1.0
4.336572e-09,0.0011095252,3.3513574e-12,4.3408613e-07,1.0,0.028193645
0.06761933,0.000569553,0.013450344,0.0037226211,0.9966599,0.044072278
0.0005612396,1.0,0.013617525,0.012353704,0.97280246,0.00448161
4.040133e-09,1.0,1.0068005e-10,6.618669e-06,0.0035399476,0.044999596
1.6266936e-11,0.009258447,6.956143e-05,0.00074866763,0.991295,0.99999464
1.0777633e-12,0.17724647,6.186097e-10,0.029866612,1.0,0.64316857
1.3349719e-06,3.215276e-08,2.7506854e-08,0.00015024701,1.0,0.09859316
7.651603e-09,1.0,0.0005643129,0.0013009884,0.03169679,0.008508305
4.1614892e-11,0.008187798,2.0365082e-06,2.4669731e-08,0.008958831,0.06272142
1.828911e-07,0.019819506,4.3526084e-05,0.36797482,0.0034684613,1.0
5.6113225e-07,0.01311382,0.00011719628,0.0045089982,0.99999917,0.0010891499
0.0038682555,0.0017815086,4.0185435e-07,0.00039576076,0.0018450428,0.016381666
0.0004535933,1.0,0.0001789677,0.0014295343,0.00131582,0.0013712151
0.0028586034,1.0,4.6075205e-05,0.008715634,0.008832544,0.024623541
1.482468e-07,0.000118206735,1.3363909e-05,9.045359e-05,1.0,0.0012737766
6.2179087e-13,2.6641872e-10,4.439148e-06,0.00035382409,1.0,0.0062458483
4.781369e-05,1.0,7.3840197e-06,0.054757178,0.0066247,0.17426066
2.3567321e-07,1.0,0.0014059318,0.00032423393,0.057662643,0.0022433707
0.0003776728,1.0,2.2089955e-05,0.050155815,0.005431166,0.009345029
0.0072000744,1.0,0.0010083334,0.0010489039,0.0062903496,0.0027192326
1.6481863e-08,0.0011271648,1.1887654e-05,1.3089355e-05,1.0,0.027462335
9.6849624e-05,0.99999964,0.00019199414,0.0010315832,0.025171427,0.010747003
2.3386845e-11,0.0030943942,2.1898251e-10,8.2329956e-07,0.03864447,1.0
1.9412294e-13,1.1827044e-05,1.2849897e-09,6.5962054e-06,0.0015175916,1.0
0.0007926192,0.006907419,0.00010644246,0.00236658,1.0,0.16527836
1.9585101e-11,1.8554207e-06,2.7279026e-10,1.19410915e-05,0.02179243,0.0016783575
1.7967672e-11,0.005325626,1.7197217e-14,0.015119222,0.00058840576,0.04227774
1.370894e-13,1.735782e-08,1.3738965e-13,3.483053e-08,2.0849781e-07,0.98799396
0.00040410206,0.99999976,0.0008978551,0.11175096,0.4705959,0.002892729
0.031125817,0.803792,0.0076523423,0.008323996,0.06723828,1.1183289e-07
0.0002367465,0.007751498,0.0022490227,0.028210208,0.08299721,0.93908787
5.3936397e-08,5.5706783e-05,0.002444174,0.0006381001,0.0049514193,0.0043120235
6.70245e-08,0.058719523,0.0007982734,0.006866528,0.35670027,0.0017485879
1.2881487e-05,0.0076120263,1.9291821e-09,4.7233425e-05,1.0,0.014376112
6.087743e-09,0.23585445,0.0010655107,0.008760555,0.055168137,0.32444513
8.5902904e-08,0.0057529625,1.0926887e-09,4.091752e-05,0.9999999,0.030233273
0.011510492,0.99999976,0.00048478853,0.0010365507,0.0050551873,0.000311488
4.8202196e-06,0.0018765016,0.0002202858,0.00055526476,0.0005908884,1.0
4.848751e-09,8.4041285e-06,1.7173974e-05,0.00018994711,0.0017156776,1.0
1.519411e-06,0.004052769,6.50276e-06,6.0945524e-05,1.0,0.018630335
0.002010811,0.96333,0.0016614144,0.04512603,1.0,0.011612922
9.197996e-09,0.00020441704,3.5207948e-10,9.635351e-06,1.0,0.043088645
1.5809038e-22,1.4244339e-05,9.805684e-16,2.7123517e-06,0.0022243168,0.0023095147
0.0027942199,0.7684347,0.0022884726,0.09390095,0.0053989333,0.00457881
1.5816582e-05,1.0,1.5197751e-05,0.004004477,0.7675628,0.0038808933
2.8281237e-08,0.0008863933,4.851168e-06,0.00010613182,0.008840182,0.094096415
0.0024114973,1.0,3.1823106e-06,0.00013154633,0.0129159,0.081375405
1.1204502e-09,3.1333812e-07,5.6284e-15,1.4546627e-07,0.003634643,0.5344101
9.396364e-10,0.9991628,2.4779806e-07,0.40784284,0.0037786772,0.012317337
1.6031335e-06,0.00042239533,2.3878881e-06,5.8079913e-05,0.030895116,0.997118
3.00233e-10,0.030796211,5.210722e-07,0.0003343178,0.45852858,0.07253314
1.8945052e-12,7.8056575e-09,4.3540054e-11,4.221597e-09,6.4690954e-05,0.0047390983
3.116575e-05,0.031454314,0.0011577443,0.0037445151,0.6452598,1.0
7.1588726e-09,0.00783943,8.292709e-09,1.7185163e-05,0.0034720548,0.0037355672
0.0053157867,0.00030775656,5.3894346e-05,0.00047672918,0.025107384,1.0
2.245536e-12,0.0010736014,1.105872e-06,0.03177571,0.9999994,0.8269448
0.00028752763,1.0,0.00018312999,0.0037236859,0.00404546,0.008349482
1.6188056e-13,1.0,6.2925693e-07,4.36664e-05,0.01661981,0.15639499
1.0173296e-06,1.0,2.3767398e-05,5.9090202e-05,0.0013995931,0.0021604192
3.4643165e-08,0.00012466822,1.17400384e-14,8.021889e-12,0.00052440463,0.002251285
6.364947e-10,1.5086458e-05,1.7843205e-06,0.003429032,1.0,0.0022569967
8.656517e-10,0.00019852632,3.796847e-08,0.00010684792,1.0,0.0050982363
0.011729738,0.014350945,0.00024717892,0.01447339,6.4248565e-11,1.0
4.295885e-07,3.6988575e-05,6.426606e-08,4.181004e-07,0.0070439135,0.02020133
3.9046796e-07,0.000754314,1.323112e-09,0.019954426,1.0,0.012528575
0.00013975182,0.0003028186,0.00043081533,5.9688144e-05,0.2624746,0.9997502
1.2433672e-07,1.0,0.197026,0.47865948,0.24750227,0.021715222
1.8877201e-05,0.0007064231,8.32507e-06,0.038574222,0.9999999,0.0058594723
6.3770806e-08,3.2146992e-05,2.1982626e-07,3.5281773e-06,1.0,0.0047376887
8.419138e-05,0.0009377375,0.00010530437,0.00042461776,0.06875602,0.9999999
2.8034034e-07,8.8926844e-10,3.5840614e-08,0.007140084,0.007268494,1.0
9.963339e-07,0.07231138,5.704375e-05,0.0076331897,0.99999976,0.00037966896
4.115735e-08,0.0009617745,2.16467e-06,0.0002382151,0.0084759565,0.06370697
4.720172e-12,1.0910938e-06,1.8311006e-08,0.0061260234,1.0,0.0044131083
2.1394528e-06,0.0060792626,0.00015021449,0.00012494849,1.0,0.007191377
3.9848594e-14,8.987192e-08,0.0008332113,1.3077004e-08,3.4424727e-05,0.012908188
2.0430977e-28,1.9037856e-08,8.9331266e-14,3.407169e-11,0.0007635444,9.980286e-07
0.0011819093,1.0,1.860701e-05,0.0006066597,0.0076508173,0.013644534
1.8570002e-13,0.0025081139,5.429668e-07,1.5534531e-05,0.068812355,0.05121295
1.6110075e-08,0.00017593353,3.19486e-06,8.4061485e-06,0.94314414,0.16785523
1.3829091e-07,0.0016042778,4.780494e-05,0.00066214596,0.9999994,0.025144871
3.6136927e-09,0.0019834945,0.00030949907,0.33327982,1.0,0.09696163
0.0014858185,0.0003192176,4.3798103e-05,0.057961453,0.009682965,0.09675656
5.578737e-10,0.9333292,0.0050770803,0.17029263,0.0770671,0.00092577504
6.2445506e-06,0.99453247,7.874304e-06,0.61042786,0.0058660335,0.05211085
5.0690128e-15,5.5527334e-08,1.2971631e-11,8.825936e-18,5.5383352e-05,0.00062721584
2.1044742e-05,4.8140777e-05,6.54685e-12,0.0012139642,1.0,0.004510315
6.2378617e-14,0.0002116598,2.789424e-05,0.0001322818,1.0,0.24189185
8.103703e-12,2.0982863e-08,1.0830372e-11,1.0338815e-06,1.0,0.0013197875
2.2946023e-21,2.1220871e-10,5.973375e-14,1.3101582e-10,1.0,1.41263345e-05
1.4045501e-09,1.0,0.0016361115,3.3803374e-07,0.003751343,0.009013363
1.1184331e-08,0.00015621277,3.5207542e-10,0.017357226,0.003163258,0.998869
1.6253981e-10,1.148627e-05,3.3580632e-12,0.00012538761,1.0,0.0263414
7.393168e-16,2.5411418e-06,2.5200285e-12,3.4357752e-09,1.0,0.0029464005
1.4271004e-14,3.4605385e-08,4.118774e-12,7.1441675e-09,1.0674529e-07,0.00011119345
0.00081860187,0.0058467635,0.0009095282,9.4447205e-05,0.020095615,1.0
6.3008225e-13,0.0015154183,0.00038397918,0.0170467,0.0005222557,0.002456116
9.864259e-14,2.931034e-06,3.8859224e-12,2.1436445e-07,0.13227853,0.3718036
8.651882e-13,2.0617738e-06,6.640854e-10,2.0460864e-05,0.013000865,1.0
3.148283e-07,0.06808679,2.3995439e-05,5.987337e-05,1.0,0.00075002195
1.0542598e-12,7.015539e-05,1.6814015e-13,8.683801e-07,1.0,0.015317729
2.908438e-10,0.0017913457,1.7319579e-06,0.011455873,0.09709483,1.0
6.686042e-07,0.037343904,1.3475809e-08,0.00017469918,0.0040687597,1.0
1.8945103e-14,1.5680041e-09,2.0444026e-14,1.5787506e-09,0.008953161,0.9999999
1.2630594e-09,0.1457708,2.4005442e-09,0.090042554,0.42962885,1.0
1.4720204e-07,0.0013454163,2.3478643e-07,0.0038241819,0.0035020437,0.0465818
1.6054416e-10,1.0,4.1563047e-13,3.9841492e-05,0.042402625,0.007539819
6.448401e-05,1.0,0.0050522787,0.045580864,0.00066891144,0.00038524118
1.28550125e-14,7.3608536e-11,5.7412964e-14,2.1786791e-08,0.0003943053,0.0034203336
4.205949e-16,5.1875344e-09,3.7373885e-13,1.2420981e-05,0.025815893,0.30099776
1.0706557e-12,3.7567274e-06,8.309464e-08,2.5616764e-05,1.0,0.0072906823
7.033082e-14,4.792954e-07,3.5852492e-09,7.812734e-07,0.99999976,0.0038303686
2.8112174e-10,0.006503592,1.8202893e-05,7.355906e-06,1.0,0.00046749602
7.399924e-09,1.0,4.28514e-10,0.0011174941,0.06720368,0.004117581
5.945884e-06,0.005738607,2.1734523e-09,0.0009791217,0.016036218,1.0
4.988087e-06,1.0,1.780845e-05,0.00082253676,0.02643074,0.014520983
2.8232443e-13,2.4306547e-07,9.830855e-12,4.1066593e-07,0.0054638716,0.015437765
1.1577177e-06,0.0004244927,1.0546944e-06,0.0001490417,1.0,0.007904535
7.234525e-11,0.0010933481,2.5628935e-12,1.4772697e-08,0.79946464,0.009335418
2.2091081e-08,3.6345395e-07,8.555726e-11,2.85972e-08,1.0,0.07702352
4.3971506e-12,1.645598e-08,1.3182756e-09,8.921819e-06,0.00057310786,0.027555374
5.2755945e-07,0.0029337464,1.2497952e-07,1.7971016e-07,0.00055780454,0.02853376
2.0209375e-06,0.00015156782,7.9105075e-06,7.220316e-05,0.006395356,1.0
1.3602641e-10,0.023258938,2.144771e-05,3.4308316e-05,0.14283356,0.0044086776
1.4682854e-09,7.051919e-05,9.5702465e-12,1.502419e-05,0.999882,0.001888486
4.458737e-11,0.001856779,9.915934e-09,1.9338158e-06,0.009278918,0.029969987
3.9198794e-10,1.8692826e-05,2.1743664e-07,0.0010466679,1.0,0.12915476
8.802002e-05,0.0014005856,6.501056e-05,0.004113981,1.0,0.0040615126
9.55608e-07,2.1644017e-05,4.085561e-07,1.3637951e-05,1.0,0.025481194
1.304778e-05,1.0,0.0019601823,0.0006375138,0.026434725,0.01539158
6.4989355e-13,1.7265325e-09,2.2076812e-05,2.4217243e-06,1.0,0.018417902
1.3201014e-14,2.1781406e-10,3.757389e-12,3.5257774e-08,3.6038648e-05,0.0016542878
1.174734e-06,7.5239354e-06,1.1258878e-05,0.00024211162,0.0034200002,0.03227542
1.12570415e-05,0.008134509,0.0014227269,0.00039042853,1.0,0.001019716
3.0165138e-05,1.0,0.0005997928,3.4017796e-06,0.0010948004,0.00089493406
0.00044779945,0.0075977542,0.00061365205,0.012756618,0.0027904413,0.0027263241
3.6110485e-08,0.7609304,7.9980244e-05,0.00036010807,1.0,0.0038284154
5.943873e-05,1.5130688e-07,1.8209872e-05,8.7253744e-07,0.0573603,1.0
3.6611125e-16,0.00015193463,4.7256886e-14,9.590234e-07,1.0,0.02459635
1.1583959e-06,1.0,0.000114173876,4.7200012e-07,0.0088576805,0.0057272995
1.2825974e-09,4.846612e-05,3.3626783e-08,5.106089e-07,1.0,0.008639754
5.4187503e-06,1.0,1.4081593e-11,9.931777e-07,0.0032635059,0.0030854724
4.2586776e-06,0.0013510294,5.06731e-07,0.0002665259,0.037653606,0.009710219
5.1539837e-06,0.00022805177,3.103214e-05,0.0030803077,0.026579386,1.0
1.2398954e-07,0.00041612936,0.00056015095,1.07873866e-07,0.016314326,0.0904628
3.3555498e-14,1.167836e-05,2.908643e-14,5.879484e-08,0.00069847266,0.10329894
2.174447e-13,1.2151288e-07,8.7794854e-13,5.453178e-05,0.009318456,0.0012860359
0.0011493049,0.0002444588,0.00058182154,0.0009207872,0.014707364,0.000468007
4.1268785e-07,0.0486845,6.4961474e-05,0.0004237785,0.002734257,9.7777855e-05
2.3614087e-08,1.0,5.6369277e-08,3.0431022e-06,0.0067996564,0.11005929
0.00033217677,0.07376033,0.00085893087,0.00172675,0.03307121,0.0005340921
9.819447e-11,0.007064093,5.163213e-06,0.04317704,0.0395384,0.9988331
1.6947076e-14,7.485681e-09,4.8749077e-14,1.4073e-07,0.014863231,1.0
8.34437e-09,0.0010967003,9.521774e-13,2.7147787e-05,1.0,0.026827184
6.8553887e-12,0.19915582,6.589168e-08,0.00033508838,0.015966844,1.0
1.5382378e-11,1.00821e-06,2.262737e-07,0.00019156697,0.9998635,0.024274128
6.9280536e-12,1.3943789e-07,2.9901586e-13,1.9901776e-07,1.0,0.0009884301
3.5044853e-15,5.881272e-05,1.0685641e-09,9.196383e-06,1.0,0.0022683481
0.0044704378,0.0040790425,0.015757523,0.001796296,0.6577359,0.040164586
5.026293e-12,0.00062685047,1.4373783e-06,0.0006759508,1.0,0.0021943392
2.3763087e-09,2.7282963e-06,1.5276383e-08,1.9483089e-07,1.0,0.002528018
7.499575e-07,0.00015919097,5.936869e-06,4.616735e-05,0.021698827,1.0
1.5626621e-10,0.00019332963,7.11411e-11,4.7241957e-09,0.75730515,0.0071622627
4.9126506e-06,0.00016469898,0.0009892724,0.0020788992,1.0,0.016111406
2.2530697e-12,0.023374911,0.0001006658,0.0004295484,0.0007995139,1.0
6.525659e-11,9.659152e-08,9.7531974e-08,5.6699846e-06,0.0015490022,0.0006783291
7.78717e-10,0.00033159618,0.0004165235,0.6029656,0.003675653,1.0
1.878065e-10,8.801289e-05,1.8489995e-08,5.209102e-05,0.9978315,0.250649
2.8222765e-12,2.863889e-05,2.6017653e-05,3.425556e-08,0.19076112,0.077981904
6.949228e-06,0.0008299826,8.2502665e-05,0.0039488487,0.007956543,1.0
2.695797e-14,9.575844e-06,3.0325162e-14,0.00023582893,0.27509233,0.014932573
6.2732575e-08,0.00033386934,0.0018076744,4.8822476e-05,0.9999999,0.07008857
2.6870067e-12,2.8613765e-06,1.08668265e-08,2.0243072e-06,1.0,0.0024411725
4.2011036e-10,0.00019371197,1.100747e-05,9.128306e-06,0.00090381526,1.0
8.711378e-05,1.843039e-05,0.13772054,0.00036368505,0.00495141,0.70034176
1.0633075e-11,0.093952894,2.4772896e-12,0.017731614,0.00092201325,0.0055489196
1.0595147e-05,0.030793816,0.0005224078,0.00056206,0.92895114,0.0060421936
1.613726e-08,0.24116822,2.3384358e-10,0.0029029355,1.0,0.006644376
7.2308416e-11,1.0,1.3477534e-11,4.84155e-05,0.06034924,0.013335835
0.00015340024,1.0,0.011511817,0.026031073,0.0039784852,0.0002724781
8.337902e-11,0.07722717,3.072463e-09,2.021109e-06,0.00087877014,0.025107488
9.213562e-11,0.11654044,2.565203e-06,1.3998237e-05,0.009132379,0.0041074418
3.8180725e-09,0.09381303,3.9649684e-09,0.0018639188,1.0,0.008492588
3.9722973e-12,0.026529182,2.2561811e-05,0.00021094056,0.0035584657,0.06323902
3.15507e-13,0.0008474571,1.1640619e-13,6.6507346e-05,0.00074782595,1.0
7.856257e-06,1.0,6.260731e-05,0.2546035,0.043199558,0.39665183
2.773942e-07,0.007859882,1.0878328e-05,8.357386e-08,0.02618341,1.0
0.00014585882,0.0022343826,0.0006719752,0.00025234596,0.005108286,1.0
2.5011129e-09,1.0,9.3175426e-05,6.718424e-08,0.05198227,0.07386583
0.00014724153,1.0,3.0253987e-05,0.0045481427,0.37323362,6.178403e-05
4.400194e-06,0.11833546,1.39457115e-05,0.068490826,1.0,0.678735
0.00020269319,0.00056183554,6.8611125e-06,0.008089444,0.0014148011,1.0
5.658825e-13,2.1260624e-09,9.921727e-12,4.6469356e-07,0.01742422,0.0006157708
2.1353279e-17,0.007578626,3.090358e-14,4.6008672e-08,0.0037610286,0.011933392
9.9772315e-20,0.00026055734,2.2532996e-14,2.234214e-09,0.001315426,1.0
4.1130332e-13,1.4326215e-05,2.3093746e-08,6.9301354e-06,5.71144e-05,0.022051686
2.988981e-15,8.7896754e-27,8.998976e-12,3.6009286e-17,4.211616e-09,1.1776837e-07
1.2093685e-06,8.490588e-05,0.00016194215,0.007109449,0.0041414285,1.0
0.005831827,0.0011866066,0.23143746,0.00994327,1.4956386e-08,2.889555e-10
0.0008671605,1.0,0.0020531407,0.0010853135,0.001201418,0.00032965766
4.1778467e-08,1.7235382e-07,0.0002848716,1.1413418e-06,0.0012401048,1.0
0.002090184,0.0013114286,0.0018348291,0.00094268646,0.002072178,0.0007821244
4.130837e-11,0.00603513,3.5123074e-07,1.2242101e-05,0.060143795,0.99331576
2.2576867e-11,5.1496107e-05,1.2421634e-06,0.00013928408,1.0,0.48117176
9.8391265e-06,0.0029747651,1.249803e-08,0.0009584845,0.9999999,0.050889056
0.00046632014,0.011365293,1.2616411e-07,2.6234411e-05,4.4931275e-07,0.0006786456
1.4156992e-08,0.00033007373,1.876691e-09,1.7447961e-05,0.02758225,1.0
3.0855944e-13,1.0,4.4989793e-12,8.557802e-07,0.0014450392,7.5168886e-05
1.0062553e-06,2.0530231e-05,4.078212e-07,0.008220948,0.13809694,1.0
2.3899003e-12,5.1406205e-13,1.6786586e-13,5.891401e-13,1.0,1.5925423e-12
1.0029375e-08,0.9945515,1.5490461e-11,0.0035029475,0.0039828885,0.021184027
0.00013245674,9.031928e-06,5.402975e-13,2.3965504e-06,6.4573205e-09,1.0
1.2639992e-09,0.0008624952,2.0072709e-10,0.0011568161,0.00046575375,0.8012796
0.00069675903,1.0,0.00024140789,0.0013784801,0.022150073,0.007827845
1.4649418e-14,1.0,1.954656e-14,4.0213054e-05,0.090448394,0.019854762
1.7050838e-06,0.0013082499,7.120593e-06,0.76194656,1.0,0.0006581835
2.1367533e-10,0.0018067945,6.806221e-05,1.8352216e-06,1.0,0.0007298889
7.9511135e-09,0.0058397674,0.00015860627,1.015451e-05,0.02713847,1.0
8.872731e-09,0.011553138,1.1419265e-06,2.6931082e-05,1.0,0.016492134
4.9714963e-05,0.0065587442,2.7340368e-06,3.580895e-07,0.035120495,1.0
7.671581e-07,0.0003303596,6.333855e-05,0.00070764404,0.0028254245,1.0
6.006805e-07,0.0031069461,0.00028645617,0.0021021722,0.8466262,0.9889415
0.00030140355,1.0,0.00026518301,0.00095008436,0.27191752,0.024560008
1.2633003e-05,0.00064758153,3.466396e-05,0.00031873162,1.0,0.00031870065
2.6847047e-07,5.4849657e-05,1.6777967e-10,0.00029993587,0.059467666,1.0
4.871676e-13,1.3380684e-08,7.479864e-15,4.362697e-06,0.0042067897,0.0027067838
1.2195749e-10,1.3637539e-06,8.8902844e-08,1.5092296e-06,1.0,0.3107685
9.271694e-09,0.00015702397,4.732082e-11,8.773118e-05,1.0,0.048418302
8.5130175e-10,0.0031661657,2.0669792e-10,2.0868097e-06,1.0,0.0008679222
1.0139293e-09,0.0007160611,4.9719767e-14,8.198136e-06,1.0,0.0019471267
2.0845389e-13,0.010418609,2.1414279e-07,0.00036584993,1.0,0.0026836565
6.765798e-08,0.19408478,1.992103e-07,5.6625217e-06,0.009104887,1.0
8.9793184e-10,6.192836e-06,0.0011653734,0.000920186,2.885244e-05,0.0027859653
0.0048369737,0.07047252,0.08415702,0.019173788,0.9999999,0.008923255
5.0405263e-10,6.054444e-08,1.3130389e-12,4.063223e-07,0.0077761784,1.0
1.3560526e-05,0.00042943907,0.0026778993,0.00038858308,0.9421846,1.0
5.5243794e-07,0.11333479,0.0055505224,1.8167317e-06,0.107803285,0.010811761
2.5438573e-11,0.0004839058,4.3261483e-07,5.634918e-07,1.0,0.29727256
4.8183523e-14,0.0039442116,6.886573e-14,6.927717e-10,0.40766695,1.0
1.4804378e-11,1.6652184e-05,3.160036e-05,2.2212548e-06,0.1632422,0.064774565
2.4386507e-05,0.0076677683,4.5211436e-07,5.0052137e-07,1.0,0.005766454
2.4553286e-14,5.5082968e-05,1.0212426e-09,4.646328e-08,0.036306463,1.0
2.545475e-10,0.00017729083,1.35197e-12,2.7716342e-05,0.020105947,0.4157931
1.1509931e-11,0.5737985,3.8307664e-12,0.00047310913,0.022886083,0.0017402975
0.00018335102,4.5192606e-05,7.526086e-08,0.00013274958,0.9999999,0.0031930308
2.3615977e-12,0.0018314881,2.5490008e-11,1.1404655e-09,0.007920556,0.00068601547
1.9855562e-09,0.1161049,0.00046896352,0.054824263,1.0,0.00032964416
0.0002540028,0.0024851628,0.0021290113,0.001906534,0.20234467,0.014357847
1.5120192e-12,6.001057e-07,8.162366e-13,1.964297e-08,3.7773123e-07,1.0
1.6432681e-05,1.0,0.00012846221,0.0024811812,0.0033057935,0.000380734
2.2195145e-06,0.0006789299,1.229733e-05,9.3162066e-07,0.9952494,0.055027675
8.7079527e-10,2.2493687e-05,5.1472733e-05,5.31949e-06,0.0024531377,0.003442176
1.2460915e-09,0.0012960581,1.0553121e-08,0.00048359198,1.0,0.004010579
7.274264e-05,1.0,0.022344938,0.07247603,0.4710093,9.7283075e-05
2.74481e-12,2.0463109e-05,4.1265653e-09,2.1314278e-05,1.0,0.24725944
2.0326399e-05,1.0,3.2546333e-05,0.0025768161,0.0022945614,0.0039034747
1.3578333e-09,0.013749445,4.6180357e-09,0.00019042459,0.028140629,0.0010869105
2.5862877e-12,9.961543e-09,1.6922173e-14,1.917149e-18,0.00078107207,0.011091061
2.557828e-06,0.1405642,7.780865e-09,0.00016833721,0.00026295788,0.009749723
7.692781e-13,0.0029395393,3.2067102e-14,1.8794464e-05,0.03134841,1.0
2.7417368e-06,5.169666e-05,6.661398e-05,0.00015410483,1.0,0.08497283
0.00026854043,0.02729784,4.0209678e-05,0.02833025,0.19327027,0.00751399
0.0015484919,0.0001956902,1.9210707e-05,0.00021451639,0.0005025721,0.97860396
9.120084e-09,0.00059395406,1.7726244e-06,4.946046e-05,1.0,0.044647552
0.0019226157,1.0,0.00014310435,0.0007323051,0.0015702128,0.0023583095
1.4089734e-11,0.0034476728,6.5931477e-10,0.0002596348,1.0,0.10553108
2.8782938e-11,0.008225623,0.00016155226,0.0010306274,0.0135165,1.0
7.516043e-16,1.4041102e-10,1.3307907e-13,3.3728945e-10,0.00057137694,4.5020062e-07
6.1500793e-07,0.003287689,3.3274337e-05,0.0010810364,0.00938483,1.0
8.4445996e-20,1.0,3.6799708e-10,0.00017746504,0.49337044,0.0024860555
6.435634e-12,0.02565134,2.5737602e-06,4.52305e-05,0.0043015745,1.0
4.2269086e-08,1.0,7.283433e-05,0.00015166092,0.025563182,0.0025472704
2.3327552e-06,0.0011718243,6.110731e-05,2.618707e-05,1.0,0.0043835454
2.1470091e-12,5.1772147e-09,2.0227875e-09,1.4040776e-06,2.6467524e-06,1.0
7.2935195e-06,0.0015058087,0.00034302796,0.0036410345,0.03975917,0.41322455
0.00016611781,0.004191777,0.001297733,0.00019393816,0.0031023663,0.95588416
2.5175863e-05,0.318246,0.0015534875,0.00019818534,0.011283019,1.0
8.39471e-15,4.8882298e-11,1.2571755e-13,6.608059e-07,1.0,0.0012137942
0.001314605,1.0,1.8915499e-06,5.0500614e-05,0.03298437,8.894257e-05
3.9323083e-11,0.0037945153,1.7517588e-06,0.0006166065,0.0021374116,0.9999279
5.26962e-12,4.2603556e-06,5.933193e-09,0.0021561556,5.4932066e-06,0.99605846
2.9377096e-09,3.8316873e-08,1.3470762e-13,2.0385784e-09,0.0012724851,1.4514244e-05
7.328226e-15,1.0,1.6688585e-12,2.0577074e-06,0.03284656,0.016670316
2.1851395e-14,1.9348025e-08,9.623003e-15,1.4479749e-09,0.9999999,0.00022777797
1.4050124e-11,2.22321e-07,1.25342965e-11,0.006303095,0.0006110866,0.30668718
5.656289e-05,0.002133379,1.8585213e-08,2.7797362e-06,1.0,0.008018303
1.1605627e-07,0.13408989,3.0602804e-13,7.666493e-06,1.0,0.033443753
1.1462263e-14,0.9802306,1.7825567e-15,1.1350381e-07,0.031145962,0.08528259
4.0887094e-06,0.0015944313,0.0008203181,0.0016414891,0.056030396,0.03486354
2.7550104e-09,1.0,0.0013087153,0.0009317997,0.06293428,0.0016304223
9.1372424e-11,0.0005004096,3.8923318e-08,7.37773e-07,1.0,0.045205515
3.1681018e-09,0.044904467,6.486124e-06,0.0010314382,0.99999905,0.0040666834
7.203355e-14,3.4830914e-09,1.4578993e-12,1.4387703e-05,0.99963236,0.01659324
3.67846e-11,2.5762925e-05,1.3183302e-10,2.969297e-06,1.0,0.0055702496
3.0416964e-11,1.7354336e-07,2.8738343e-05,2.0965794e-05,0.002419851,1.0
2.0812814e-09,1.0,2.6778192e-05,0.57121986,0.0098445285,0.34856337
1.8575511e-11,6.100157e-09,4.8081654e-09,3.0609124e-06,1.0,0.00021458634
2.1223246e-07,1.0,0.00027056658,0.002859279,0.0006089053,0.0012339542
5.1550637e-13,1.8849303e-10,9.403086e-10,2.6123619e-06,0.00013328585,0.060589027
0.0043288195,0.9995734,0.0026170935,0.0026724837,0.008078485,0.10611453
3.755292e-11,1.0,3.840717e-07,7.023618e-05,0.12837787,0.016209578
4.7667022e-08,8.6430134e-08,6.896885e-12,5.994416e-08,0.042136237,0.0003837799
1.3412438e-05,0.0007773964,0.00056875177,0.0003141455,0.030764172,1.0
0.0005464809,0.00679598,0.0008310014,0.027658202,0.002442943,9.761888e-06
0.00015180805,0.00026144096,1.2436111e-08,0.001401106,0.009102977,1.0
2.9887648e-11,1.4275976e-08,0.00014076788,7.697627e-07,0.99999917,0.0033670927
4.7443298e-14,3.635826e-07,3.841355e-15,1.4653937e-05,0.0022792253,0.7582078
2.564738e-07,0.0005120477,3.262645e-09,1.5413437e-06,1.0,0.0015252357
1.357512e-13,1.0,1.16491645e-14,2.1910084e-07,2.9011165e-08,0.00038662748
1.0730713e-06,0.00092754,2.4487743e-05,0.0003220402,0.9999999,0.001206369
3.1622812e-07,9.281571e-08,1.6687682e-05,1.1245507e-06,0.005383513,0.3808751
7.78279e-10,1.0,7.575666e-06,1.6235615e-06,0.017079754,0.00060678256
0.000613208,1.0,0.00012239975,0.00033288056,0.39215428,0.00019926993
0.0016019638,5.0169733e-06,3.683002e-11,1.108753e-05,0.99999917,0.004776199
2.0633474e-10,1.0,7.0238326e-10,0.0065632546,0.0009388846,0.05793986
2.071119e-10,0.00022000981,1.4082372e-07,1.3227334e-07,0.0012915566,1.0
9.733323e-10,1.0,3.1881132e-12,0.17136906,0.0018978566,0.5803144
1.9338127e-13,1.0,1.6105181e-13,4.7887985e-05,0.00049638667,0.0047702375
1.3339743e-06,0.0001696309,1.11590595e-08,0.0007002939,0.0027272266,1.0
0.00028377783,0.0017959995,5.3020467e-06,4.313703e-07,0.019969076,0.8936238
0.0039523314,1.0,0.0006162825,0.0023836235,0.046563935,0.00017606409
5.497661e-15,7.196727e-09,4.7966754e-14,1.7800964e-08,0.00027526388,1.0
8.251927e-05,0.0012483275,0.00094838184,0.0027694756,0.97332394,0.016157359
0.00041433325,0.0020263987,6.1849285e-05,0.0005056334,0.18810473,0.002997223
2.4775446e-12,0.5979222,7.0601947e-09,8.677798e-05,1.0,0.0010498001
3.808615e-10,0.0009464217,0.00012980857,0.00042559134,0.9999956,0.033528093
5.0180247e-09,1.0,1.11722e-08,3.6716983e-07,4.8361184e-05,0.58128715
2.8531724e-11,1.0,2.15667e-09,0.0001786397,0.021082558,0.013739529
9.284563e-12,1.0,9.154399e-09,1.3031366e-05,0.011956371,0.0032357033
1.345009e-10,3.7337575e-06,0.0004580098,2.0820864e-06,0.02105251,0.0016745977
0.00049529277,1.0,4.036118e-06,2.1562968e-05,0.020666637,0.02213325
3.876094e-11,0.9892714,2.646779e-14,2.699529e-07,1.0,0.012261489
1.8508556e-08,0.48124662,5.2570243e-11,0.0018979687,0.56407285,0.06752446
1.6932197e-05,0.17138879,0.00070400094,0.00045877032,0.0022294202,0.008721203
1.9692983e-11,1.0,7.1536324e-06,0.001107368,0.11987977,0.0028169507
5.4166547e-14,4.2128208e-09,2.2035049e-10,1.6311239e-07,3.137726e-07,1.0
0.0014968627,1.0,1.48500185e-05,0.9939282,0.0018298223,0.13418987
2.1918053e-05,2.163665e-06,2.3751499e-08,2.206044e-05,0.35979298,0.00044252104
1.4789441e-12,1.1303251e-07,2.3230409e-10,2.3976957e-06,0.99999976,0.05754856
0.0010343327,0.005247158,1.4925742e-07,0.001731904,1.0,0.0019051227
0.0030269022,1.0,0.0003065647,0.000736942,0.0032658083,0.0013967124
2.1535378e-09,0.0001708226,2.3269935e-09,0.001228401,0.23185755,1.0
1.4528833e-12,0.00012265668,1.3183018e-07,0.0045401016,0.013278222,1.0
5.5639515e-15,1.4058305e-05,4.77163e-13,6.691398e-09,1.0,0.044743635
3.4091496e-08,1.0,0.0008529185,0.0023834456,0.014777484,0.26732105
1.4282271e-15,2.659122e-09,5.403171e-13,2.0888455e-09,5.0659688e-05,0.0006278729
5.740659e-05,1.0,0.00044273242,0.0008723168,0.81202817,0.00587422
2.1922938e-07,4.3095556e-06,1.6751793e-12,5.0584476e-05,0.0078625735,0.0026324764
5.8791604e-11,2.165089e-05,0.00023686756,2.9348948e-07,1.0,0.0051781847
1.5579354e-11,2.4195512e-07,8.529367e-14,3.4722056e-05,1.0,0.11747684
3.836192e-08,0.00042148447,4.685211e-05,9.853319e-05,0.022859564,0.0013090794
7.471488e-13,8.984522e-11,3.9781775e-10,0.00010115463,1.0,0.0002100791
2.7882592e-05,0.99213684,3.0536235e-08,0.0014247504,0.0009623497,0.004466673
3.6866775e-06,0.99827623,0.0011320658,5.873341e-05,0.010295276,0.028551979
4.3670257e-06,0.00049079984,3.6237345e-06,0.32943052,0.041821565,1.0
8.921575e-05,1.0,0.0013423791,0.001137066,0.40177813,0.056189038
1.9393942e-09,5.094691e-06,1.7650706e-09,4.795414e-07,0.00023981191,1.0
2.6480178e-09,1.0,1.0752568e-07,0.01856263,0.022153901,0.0047063483
5.381157e-06,1.0,3.8567017e-05,0.00080293434,0.0057137064,0.0069724238
4.991575e-08,6.6204916e-07,4.3275053e-10,2.4702025e-05,0.0012815831,1.0
1.4443285e-09,3.132998e-08,2.1630844e-09,2.728221e-07,0.9975158,0.008850487
9.700375e-09,0.00013873742,6.878419e-11,0.029207474,1.0,0.016701518
1.0187402e-06,1.0,3.1962358e-05,0.0014767239,0.06905207,0.0024034062
3.415075e-05,1.0,0.00033672882,0.0022708965,0.005322707,0.00019884857
9.754053e-23,5.9719776e-09,5.1450878e-15,3.370152e-08,6.0208483e-09,2.7583125e-09
1.7260822e-12,2.8875013e-05,1.4019091e-12,6.935723e-08,0.0021017431,0.0024505204
4.823354e-18,2.4352844e-06,4.2659994e-14,0.00018797746,0.00024805407,0.0032403108
0.0011688042,0.0008114564,7.806518e-06,0.007503739,0.005873875,0.0013380514
1.376408e-07,1.0,6.605e-05,1.5898911e-05,0.3067008,0.010821321
2.8281424e-10,3.5430132e-06,3.108633e-13,1.2749337e-05,1.0,0.01889047
5.301644e-14,0.6901656,6.737229e-05,0.010096428,0.9999999,0.054157786
0.0021004544,0.01552197,2.1037345e-06,7.666019e-05,0.00073355116,0.006563298
3.167006e-06,1.0,1.4202683e-05,0.00016418044,0.029577387,0.02241617
1.0626107e-10,6.944485e-07,1.7671658e-13,4.697187e-05,0.024074482,1.0
1.137084e-12,1.0,1.7152729e-14,5.742425e-06,0.007823203,0.5218443
0.017780881,0.07191476,5.292936e-05,0.000153662,0.011763965,0.010056426
2.3586896e-12,7.583912e-12,5.1171806e-13,2.6174634e-08,3.8752904e-10,7.048315e-09
0.001412078,1.0,0.028805796,0.0007657799,0.036871914,0.001298509
2.708772e-09,0.01602063,5.153621e-08,2.2434902e-08,0.008429529,1.0
1.3054239e-05,0.011408037,4.9905866e-05,0.0013238555,0.0018170071,0.0005149215
0.001535597,0.00607116,0.00091443025,1.2171242e-05,1.0,0.0051608523
8.6714593e-13,0.00030025144,8.001182e-05,1.3805901e-06,0.004779457,1.0
1.469319e-13,0.55355984,2.4147846e-06,6.0939547e-05,0.02990894,0.019179313
1.05695326e-13,0.000794171,4.744289e-12,3.4476473e-06,0.0008871538,0.3896634
0.00017221847,0.7101258,2.55438e-05,0.083001055,0.027446195,0.085638195
3.465945e-10,1.0,1.16178915e-08,0.00073092984,0.117521614,0.4396592
4.0387317e-16,9.375212e-08,4.4544375e-14,1.8571396e-05,0.0024783341,0.0028268248
4.1593576e-17,8.425775e-09,9.780744e-13,4.0879528e-05,5.0095296e-06,0.00059622223
0.25168356,1.0,0.12039731,0.14246534,0.0010215908,0.10983102
1.1429632e-24,2.0455132e-11,8.113433e-15,1.7473968e-10,1.0158918e-06,0.0005297652
3.9183016e-14,0.013574875,9.918312e-10,3.1684592e-06,1.0,0.08328172
2.3168989e-14,1.3836353e-08,9.918128e-09,1.9538557e-09,3.1901638e-07,0.00031138913
1.7806387e-09,1.0,2.921078e-07,0.0002134878,0.002426885,0.0035180268
3.833754e-09,0.00016426561,2.4657464e-11,3.432648e-05,0.010339514,0.010649351
2.1557979e-13,0.00027212556,6.649587e-07,8.4561925e-06,0.26648772,0.9999733
0.0001737917,1.0,0.00045583813,0.007806864,0.0040243734,0.0039732433
6.97685e-09,0.011047336,5.503918e-10,0.0073745297,1.0,0.0026026086
6.237059e-07,0.99953604,1.0855683e-08,3.739145e-06,0.0014497987,0.03706518
1.3515236e-09,1.9018209e-07,8.0664686e-10,2.1944922e-07,0.99985707,0.008057287
0.00013096297,0.0012054623,0.00018588248,1.7637326e-06,1.0,0.0158058
5.385393e-09,2.0433252e-05,2.8594739e-05,3.0171023e-09,0.0034310173,1.0
6.284671e-08,0.15914017,9.376982e-12,1.7526129e-07,1.0,0.020701202
1.569541e-14,1.4006343e-08,9.043143e-05,1.1310962e-09,0.0024579244,1.0
2.5111028e-13,1.0,1.0170418e-13,6.328386e-06,0.013268574,0.026029974
2.1624126e-12,1.0,3.4196725e-09,3.399339e-05,0.021362502,0.003165254
7.470102e-07,0.9993993,8.2871935e-08,5.387214e-07,2.2018713e-07,4.0791405e-05
3.7472532e-13,2.7989847e-07,8.09194e-14,1.6743106e-08,0.2220168,0.0002454647
2.7565036e-05,0.0019865108,0.00021340842,0.01578443,0.032981005,0.043786634
3.038402e-08,1.0867536e-07,0.0010058987,4.6670627e-07,5.7170982e-06,0.5855157
0.0002967731,1.0,0.013503001,0.0001837362,0.08226981,0.0010044216
2.6583058e-09,0.000295183,6.670268e-06,0.019377148,0.9999852,0.0018411425
4.898982e-15,2.2431611e-07,3.9758347e-13,5.0003846e-10,0.06476418,1.0
3.1877648e-24,2.2245083e-26,4.893339e-16,4.116484e-18,3.918909e-13,4.6961227e-16
0.00041545057,1.0,0.5836497,0.118859515,0.030514881,0.5455078
3.7722905e-06,0.0006060211,0.0038660378,4.4908925e-06,0.107838996,0.032099523
6.594691e-11,0.0024330344,7.005101e-14,3.743178e-05,0.9155818,0.017236024
5.8263893e-08,0.9699119,1.1435381e-05,0.00014371068,0.20482376,0.6681181
5.7191955e-05,0.9999995,0.25613168,0.0046566306,0.011914192,0.0014036321
2.3257098e-10,0.00024102244,6.528737e-07,0.17351733,0.01620101,0.04223289
5.3818238e-11,1.0,3.371846e-14,1.937587e-08,0.0019545392,0.0015334134
9.449157e-12,1.0,7.1210664e-13,5.134183e-09,0.07567483,0.0009937388
3.9635153e-17,2.883576e-10,2.4886e-15,1.4920678e-09,0.0010822527,0.0001784121
2.7406782e-06,4.9672235e-07,3.0535288e-09,3.762263e-05,0.9999999,0.0051199044
1.0222545e-06,0.080766365,4.9530304e-09,5.906154e-08,0.010635438,1.0
2.4952202e-08,0.003640735,1.3811153e-07,2.508927e-05,0.0038869441,1.0
0.000246173,0.02925114,0.0004910605,0.003533575,0.03831917,0.0038347747
4.3007298e-10,1.0,1.4674525e-11,2.9976416e-05,0.000683122,0.006108342
1.3886546e-14,2.5961017e-06,3.0797582e-07,2.5968941e-07,0.06990016,1.0
0.0088374,1.0,0.0011825868,0.25827056,0.005009875,1.3796405e-05
4.868548e-12,0.8388754,2.653096e-11,2.0294536e-05,0.020557713,0.1185854
1.475544e-11,0.002064116,1.2209054e-11,0.00049956003,0.0027297256,1.0
1.832803e-05,1.0,0.00060368696,0.005868492,0.017185565,0.0008737019
0.015391415,0.11281607,0.0027885814,0.0057691396,0.00046199677,0.002667652
4.8955716e-08,1.0,6.7016185e-07,0.0007981829,0.0018414784,0.013167097
9.812169e-10,1.5113644e-09,8.6673426e-13,2.4415417e-07,0.008092723,0.0015564515
5.8826347e-12,0.0005076511,0.0013712634,1.4058371e-05,1.0,0.0016581977
3.1576138e-11,1.6908824e-07,1.0405479e-11,1.8667057e-09,7.862526e-05,0.0013231244
3.5293895e-05,0.0051874653,0.0014730702,2.4301617e-06,1.0,0.0005005119
7.0301117e-12,0.00012407762,1.6863395e-07,4.6989608e-05,1.0,0.020436047
7.384292e-08,9.16076e-12,6.3574544e-07,1.5000555e-08,0.5494298,0.00020829837
3.0064457e-13,1.2831859e-07,8.012791e-08,8.710477e-06,9.3212986e-07,0.000671793
1.1642364e-05,0.005855865,8.817418e-05,0.0006311562,0.13356468,0.07388222
0.002553011,0.00069882016,6.780402e-06,0.001773383,0.041974556,1.0
0.00088529143,0.012440833,1.5442598e-05,0.10714273,0.01580901,0.9999999
2.597158e-12,0.00015535478,4.6684835e-07,0.00036140377,1.0,0.012815331
0.0025714366,0.1346594,8.8559445e-06,0.00017818414,0.0041341623,0.0028185882
7.9391754e-08,0.00019032728,0.0004997701,1.8844736e-05,0.011398113,0.07332458
0.00039593776,0.08458882,0.0007322238,0.006574011,1.0,0.009197626
4.052158e-08,0.11538028,1.3351901e-08,0.0002814152,1.0,0.00082491786
5.2863313e-12,1.292336e-05,7.4773646e-07,4.6293263e-08,0.0037805696,0.0031820524
4.5912856e-08,0.0011475481,1.487144e-06,0.00021053306,0.004367055,0.00065605075
0.0037728264,0.00014744049,0.0031401287,0.00039243704,0.17985192,0.95793825
0.0012210895,1.0,0.83837175,0.0027104742,0.08526873,0.004256088
7.1362475e-15,0.0022292624,5.17374e-09,7.62992e-07,0.0007051121,0.9999987
1.8212124e-06,0.00090684183,0.00051764137,0.00014037566,0.02444533,1.0
3.863107e-07,5.241208e-07,1.4077907e-05,5.701161e-05,0.9943638,0.0023604725
8.214911e-27,6.1544736e-14,1.1636817e-14,1.15020805e-10,1.0823856e-09,3.8499702e-13
4.5649104e-10,3.2011583e-06,2.5801007e-06,9.394631e-07,1.0,0.020299345
0.0030716516,1.0,0.00013911245,0.015663767,0.0029448853,0.00045724664
0.00073322444,1.0,0.00011109181,0.0017516728,0.04860049,0.01235591
5.0771626e-14,4.528302e-08,2.178282e-10,5.779617e-11,0.024701975,0.18351439
0.00033973096,0.0005340287,0.007482178,0.5156141,1.0,0.00040152544
0.013216614,0.96919996,0.083878055,0.0059796977,0.27841464,9.8925696e-08
0.001756707,4.121135e-06,3.7202983e-09,2.3658636e-07,0.9999999,0.16967976
4.0659666e-05,0.040184177,6.580941e-12,0.00041800478,1.0,0.1470988
2.2950015e-09,0.0006823637,0.0015602778,0.00042908042,0.0012659542,0.003723325
0.00010985311,0.025887555,5.3832693e-08,0.012039103,0.9999999,0.0048021423
1.829097e-08,6.6638977e-06,8.2074025e-10,0.00060510257,0.68623334,0.082298286
1.04194795e-11,0.001256329,5.828637e-11,5.5151745e-06,1.0,0.13720754
3.977379e-11,1.065073e-06,2.4907943e-06,1.021475e-06,0.000358895,0.00017307959
4.913297e-12,0.0036524383,6.278837e-08,6.098105e-05,0.00084462226,0.0016751644
0.00010621797,0.0014696158,0.0014399793,0.00044214955,1.0,0.000513622
1.7725988e-06,0.70846236,1.4877295e-07,1.0565422e-05,0.080818765,0.0021496098
1.1938845e-06,3.8934388e-07,2.0680633e-14,0.0001513802,7.5001076e-06,0.02686531
1.2890721e-09,0.01783344,2.8605228e-07,0.00492555,6.327317e-05,1.0
2.6424914e-05,0.0077436347,2.1087659e-12,0.0053894375,0.0073343576,0.00554963
2.1902883e-05,0.02969585,0.00016812386,0.0050091315,0.06397894,0.381067
2.117512e-06,0.0004196173,0.00018490423,0.0020012408,0.14235245,1.0
0.0018540396,0.99037814,0.00041939275,0.018682305,0.003491833,5.0625353e-05
0.00031349357,1.0,4.9635808e-05,0.0016295044,0.006977883,0.010574419
1.0294319e-11,0.83824563,2.7674013e-10,5.4652774e-06,0.00010213756,0.75523573
2.113452e-09,0.00012270184,1.4299336e-11,2.7340204e-05,1.0,0.0027268454
5.7066383e-16,0.013998947,2.0276302e-14,8.021926e-18,8.8439606e-08,1.4330735e-07
0.002902999,1.0,2.5748359e-05,0.0007959684,0.0014023021,0.002134827
5.27011e-13,0.9153611,2.4057385e-08,5.8438934e-09,2.1727443e-05,0.019751908
7.4502275e-13,9.788708e-06,8.9262636e-10,7.995393e-07,0.9999931,0.011554087
1.2176119e-08,0.00018605572,1.5380559e-07,0.0010831712,0.003332354,0.9999999
9.922328e-07,0.004853989,1.1825688e-10,2.3085255e-05,0.15883963,0.82515365
2.4161656e-10,0.00025558865,2.8170788e-10,5.2193707e-07,0.99995697,0.10153983
1.8152627e-10,0.95509934,0.00011179797,5.2857584e-05,0.020747129,0.07568333
6.065816e-12,0.006095086,1.313855e-09,6.5780914e-05,1.0,0.012193628
1.0911274e-05,0.0044003385,1.0232983e-06,0.00048078233,1.0,0.016891189
0.0011294337,0.02776003,0.0016769951,0.00016409515,1.0,0.1737355
2.8166307e-06,1.5666512e-07,0.0005669759,2.5777153e-05,1.0,0.0014795538
9.807133e-07,0.016990637,0.00045387656,0.6212694,0.9954829,0.0014264793
2.3431487e-05,7.6263923e-10,2.7268701e-08,1.18717736e-07,1.2570054e-05,1.0
8.5667035e-14,8.37537e-08,2.1629035e-12,1.2603365e-07,0.003746684,0.0070165643
1.7757015e-08,0.0007802151,3.1045223e-12,4.6536512e-09,0.051179577,0.005434216
2.0507805e-06,0.055309705,2.4991973e-08,2.8023393e-05,0.016626764,0.019294128
3.2911572e-05,0.0005966378,3.2592732e-07,0.0006626235,0.022589317,1.0
4.913455e-09,1.1116788e-07,0.00013802541,1.932522e-05,0.5470447,0.011719207
0.0026587648,1.0,0.49032435,0.02710586,0.0017146678,1.4011285e-05
0.0010284804,0.99999976,0.0005618664,0.98274004,0.004562253,1.1122632e-09
0.002409737,0.015793098,0.0066345036,0.0012857242,0.0024908527,1.0
0.0009674394,0.00042239027,1.4710393e-05,0.00010226503,0.038661223,1.0
0.0003181463,0.019619355,0.005952508,1.3882544e-06,0.17136413,0.032791935
2.2590334e-06,1.0,5.053127e-10,1.9263285e-05,0.07721772,0.0006192279
1.0468663e-11,3.7141044e-06,2.5867689e-10,1.6634898e-05,0.99999976,0.20224047
1.0911306e-05,3.5221976e-05,4.0430692e-05,0.0006090988,0.0048430604,0.7481986
5.3765352e-06,0.97551847,0.00014770686,0.0045132623,0.07342004,0.005737524
7.917692e-05,0.0010561127,1.5766484e-07,0.99310124,0.052689027,0.025201404
0.007479919,0.9996431,0.025609076,0.26793638,0.000522424,4.21964e-05
3.397017e-06,0.0008315496,1.5108832e-05,0.00037419584,0.99917454,0.0012482473
5.6270616e-10,2.514995e-05,3.8369426e-06,6.0043362e-06,0.999995,0.013455704
5.7048374e-14,2.0964642e-06,4.5786246e-11,0.000106301166,0.0080307145,1.0
1.08030305e-08,5.321688e-05,8.708276e-08,0.0024537505,0.0011861274,1.0
0.008066313,1.0,0.0007336386,0.03935658,0.0044382317,8.4190015e-06
3.1360157e-09,0.036052942,2.5767677e-10,2.1952423e-05,0.23271929,0.0018250663
3.9494778e-14,0.00125077,6.3587606e-13,0.00018427167,1.0,0.024758536
1.2897073e-08,0.0005743059,3.177139e-05,0.0006676949,0.9999132,0.0015486033
3.8378867e-06,1.0,0.00027516077,3.2442153e-06,0.001684171,0.008089348
1.2699056e-06,0.00012253955,3.2586212e-09,8.4330674e-07,9.231966e-05,0.118208066
6.946028e-07,0.0024931666,0.00011284525,0.0016320227,1.0,0.0117529165
1.36642616e-11,0.003433676,1.0737008e-06,4.343459e-09,0.0008480402,1.0
5.6828412e-08,1.4114106e-05,4.873312e-09,8.492386e-07,0.8716975,0.06141196
0.000104190374,0.00033971624,1.5903159e-05,0.0027852668,0.99999905,0.0005266588
1.0986487e-13,0.0107184695,4.7000576e-06,0.0013362182,0.031121006,1.0
0.00011242348,0.00096095237,5.158133e-05,0.00020811,1.0,0.0018043487
9.56404e-07,0.0020660234,2.1133007e-11,5.7353545e-06,0.0037245667,0.103696235
0.0056506847,0.000576021,0.00057453424,0.0010904309,0.00577786,1.0
0.0013329148,1.0,0.02888472,0.0014061026,0.0025751083,4.1904867e-05
7.7544506e-08,0.9987249,0.018283103,7.548077e-05,0.010045169,0.00011090574
1.4700908e-12,7.720373e-05,3.5735543e-09,0.00010695414,0.008068488,0.03805206
9.522769e-10,0.0024248012,8.567088e-12,0.00075620395,0.0027744488,0.9999988
3.048941e-14,8.742019e-05,1.4051373e-06,2.347415e-06,1.0,0.008220891
1.8585301e-10,0.00055809255,0.0036199563,7.310801e-08,0.23341563,0.010307352
7.395045e-08,4.7526304e-05,0.018880721,3.120346e-05,0.0049204975,0.016182704
9.895674e-10,0.0033057418,4.518493e-07,0.00016306569,0.9952271,0.0050376384
7.394862e-12,6.2605395e-08,2.007462e-14,7.5334675e-08,0.0021279936,0.0012717486
1.0628513e-07,0.08917886,3.4717785e-05,0.00023353386,0.18415706,0.020968946
0.0050997576,0.00057314447,0.031140829,0.0020308846,0.5401464,0.0020478335
6.401017e-05,0.019784587,8.174917e-06,0.0004804701,1.0,0.00026488255
1.1545852e-06,0.00063131895,4.536757e-08,1.23174705e-05,1.0,0.0043481668
2.5079418e-11,0.019845426,8.0444896e-12,2.1353893e-07,0.00032307682,0.0014862289
1.4713455e-06,0.039043598,1.331751e-06,0.0030907805,0.006797129,0.24503967
1.0922623e-05,1.0,1.3699086e-05,0.15586808,0.0018658878,0.004918784
1.9041877e-09,0.003033953,2.266865e-06,0.00029418117,0.3607342,1.0
2.301858e-06,1.0,0.04705451,1.1629835e-05,0.696328,0.018708125
9.2538535e-08,0.00509604,0.43886805,0.021460855,1.0,0.03840297
0.00070431636,1.0,0.0037723929,0.087208696,0.0014202333,7.082452e-07
1.0293043e-07,0.000527868,0.00011063037,4.2600397e-05,1.0,0.0006771607
7.915425e-15,1.2872464e-09,2.3701636e-11,4.503643e-06,0.0094860755,0.001071694
3.0089014e-09,0.00013680395,5.5088594e-07,1.0063763e-05,0.008167432,0.16946584
7.533945e-11,1.1815894e-05,1.9613118e-13,1.1093314e-05,1.0,0.0057360088
3.2672563e-11,0.00049142505,5.840483e-09,5.2916537e-05,0.9997528,0.99433666
1.29806095e-08,1.0,3.8191597e-06,0.13439748,0.009635817,0.008068622
3.5026745e-11,3.9007006e-08,8.434178e-14,3.9514528e-10,8.7765517e-10,1.0
5.858398e-10,1.0,1.5681252e-07,2.4429477e-08,0.8066678,0.8944135
1.7142092e-15,7.0705036e-13,3.530476e-11,2.6646841e-11,0.0005632769,0.004949409
2.0661797e-07,2.1397716e-05,1.8422344e-11,1.9439786e-07,0.010229852,0.014532915
4.691434e-11,3.7538184e-10,2.4274387e-12,5.645913e-08,0.00014818156,1.0
4.9126556e-06,0.00034244536,6.332488e-07,0.0043390905,0.042236164,0.01307562
1.823628e-08,0.005431449,2.5363954e-08,3.0161431e-05,0.12543783,1.0
2.0442606e-08,0.0014933903,3.024281e-09,1.3955451e-05,0.026348528,0.8910566
0.00010746377,0.04223366,0.00098866,0.0013439347,0.37531826,0.016535487
3.4524508e-11,0.0018029776,3.2105312e-09,0.00018283339,1.0,0.0018624061
7.214279e-07,0.99644923,0.013847165,0.030605035,0.006673017,0.11506714
1.4856096e-05,0.02954946,1.5084172e-05,0.0010988504,1.0,0.0152294515
2.4275523e-10,2.2522323e-05,2.2468079e-09,9.72891e-07,1.0,0.013076242
1.7560844e-13,0.009163567,4.258924e-15,4.820187e-08,0.0010451359,1.0
8.3292825e-08,0.00042332648,1.5681492e-06,0.0030829122,0.0014112392,1.0
3.8454882e-08,0.00034035483,2.5168808e-07,0.06107061,0.0020410419,0.99717927
0.0018445266,0.026268898,0.00019339085,0.00035623615,0.9999999,0.0016434024
8.2877864e-14,1.5473233e-09,5.5583564e-06,1.2265847e-05,0.00048724317,7.9857755e-06
6.661385e-05,1.0,3.0556705e-05,0.00026274737,0.1755394,0.00073987956
9.896415e-09,1.0,6.5016006e-06,0.0018643573,0.0051594907,0.050742485
3.1806577e-10,5.114108e-09,1.8704351e-07,1.0745208e-07,0.000724274,0.00086340914
0.0013966039,0.9996431,0.00073808065,0.0052890046,0.034383427,0.023759272
4.0992165e-10,0.0016843844,1.3414398e-06,0.0017619526,0.041433126,1.0
2.6096887e-14,2.5594469e-05,2.6719046e-12,3.4958322e-08,0.00013170371,0.99997294
9.99632e-08,0.0034408318,1.747629e-07,0.1585328,0.59293234,0.99999976
2.0042333e-10,0.9991304,1.05837915e-10,1.8085904e-05,0.0028373864,0.37175155
5.708179e-07,1.0,6.2807464e-07,0.00031313513,0.004399948,0.0063410844
1.761314e-07,1.0,1.4305255e-07,0.0075481096,0.0010190663,0.007835949
0.0005701749,1.0,2.078727e-05,0.98631114,0.03552013,0.010299125
7.4779866e-10,0.00019641884,3.4106413e-06,1.0737959e-06,2.127338e-05,0.4599467
5.404406e-10,1.0,3.4641852e-11,8.327729e-06,0.006928486,0.0042650094
7.619441e-05,0.0022964855,3.597654e-06,4.9230628e-05,0.13656165,0.016937511
6.840896e-14,0.0036592742,8.600549e-09,0.0003200855,1.0,0.24135195
5.0216813e-13,0.001289249,6.7402584e-11,0.00025536068,0.00035355805,0.47229367
5.389424e-19,9.325567e-07,2.0840611e-10,5.655959e-08,0.9998228,0.0025179093
2.5689694e-14,1.5353066e-11,7.761308e-14,3.7212303e-07,0.0026387386,0.00073122984
1.5387384e-09,1.7221058e-05,1.8768645e-11,2.031144e-05,1.0,0.0034491906
7.2470314e-09,0.01624681,0.00020796954,0.00041294395,1.0,0.011824242
0.0010724309,0.00048901764,0.0040697353,0.002230316,1.0,0.0012968644
0.0831768,1.0,0.0027806684,0.023046339,0.04026021,0.0016163045
5.6725916e-05,0.8225135,1.1281221e-05,0.00112659,0.0017119445,0.021669239
6.3495313e-15,5.3757562e-06,1.4899134e-11,1.2241256e-07,0.00038085817,1.0
5.851642e-06,1.0,8.1494434e-08,5.178918e-05,0.0056339186,0.013106386
4.5690594e-09,0.0033566342,1.5771207e-11,0.058955904,1.0,0.0010919829
9.965857e-06,0.002741264,1.0171205e-07,6.0757443e-06,0.9999994,0.03372897
0.00010593263,0.0063582184,0.00011237256,0.025845464,0.15053087,0.040627293
6.855833e-05,0.0032049974,1.1809935e-05,0.007189147,0.0053319447,0.01649588
1.885529e-08,0.00066122843,5.676739e-09,4.0941572e-08,2.3472369e-08,0.99998045
4.461404e-09,1.8077122e-07,3.4939965e-13,1.2356792e-05,0.011309817,0.0022159722
8.958241e-06,0.10988474,4.0457957e-07,5.509466e-06,1.0,0.006411812
2.771342e-10,1.0,1.683132e-08,1.7126046e-06,0.008955022,0.14639807
2.0972035e-05,1.0,4.577264e-05,0.00085170224,0.05733486,0.007021031
2.762927e-07,0.86483943,7.771705e-11,0.00010449534,0.00052291196,1.0
1.4992123e-06,1.0,4.820013e-05,0.0048710285,0.017897932,0.00015677355
0.002891175,0.0012296337,2.1841704e-06,0.02019789,0.9999999,6.4372057e-07
2.1278004e-07,0.00017249407,2.81784e-07,0.0007405889,0.0072497074,1.0
0.039592016,0.00054134795,0.0048273504,0.0006859697,0.037918095,1.0
1.1907155e-12,0.00017891363,1.1187616e-06,0.004946216,0.013015883,0.0009529096
2.6955437e-15,1.5044636e-10,1.4142477e-11,1.02220665e-05,0.0022309227,0.0044418885
8.150206e-08,0.9999999,0.00015680656,0.0135589205,0.0040633027,0.008719883
4.302702e-16,9.858613e-11,1.7413695e-08,4.2820327e-11,0.9980259,2.4516017e-05
0.00036486494,0.003388216,0.11157423,0.41915032,1.0,0.0016869282
3.2253952e-10,0.025688674,8.96447e-09,0.0030798847,0.016637377,0.0050581335
4.979874e-10,0.9917182,8.837011e-07,1.4303471e-06,0.24458496,0.008815762
0.0028476461,1.0,0.0013386358,0.0005448527,0.006251983,0.002985601
0.0002458922,0.013617754,0.0002946311,0.02544212,0.03856478,0.052161504
1.3967147e-09,1.7094602e-06,4.937785e-07,2.323744e-07,0.0018076554,0.0015544884
3.684005e-08,3.072776e-07,3.8833665e-08,3.6037203e-08,0.0014697284,0.113006696
1.7038461e-08,6.235953e-07,2.2504459e-08,2.3800671e-06,0.004106954,1.0
1.5408375e-10,6.295472e-05,9.442896e-10,2.2576735e-07,0.007979108,0.025046583
2.5506779e-08,0.00032745564,1.9138707e-08,0.0009904512,0.020264028,1.0
5.0308564e-13,0.00012811541,5.189976e-10,6.461635e-05,1.0,0.41459182
9.0479534e-13,0.002280924,1.2119345e-13,4.9620443e-08,0.01166112,0.9873871
9.366713e-10,3.1483705e-11,3.313969e-08,5.4248567e-06,0.99663615,0.0027513364
0.4400532,0.11349585,0.00011888599,0.0018706983,0.99999917,0.0015012595
2.050518e-14,2.5422443e-07,6.4681958e-12,1.5224265e-06,0.003722789,0.0035606236
1.2087766e-09,0.0021254285,1.9548766e-05,0.0008499499,0.99687946,0.22498305
1.076021e-09,1.0,2.2193996e-09,8.523824e-05,0.033842407,0.101179436
8.0028454e-05,1.0,3.2138466e-06,0.0033572165,0.07260759,0.021798434
4.865122e-16,5.270392e-09,1.6252087e-14,3.1515807e-10,1.1886797e-09,1.0
1.1768905e-08,0.009618211,2.4380171e-09,9.3986455e-07,1.0,0.0064486098
4.325958e-08,0.15315865,7.3942665e-09,1.5017293e-06,0.0029225464,1.0
5.416642e-06,0.1344386,1.376218e-06,0.24506436,1.0,0.023614407
3.0229042e-12,0.0018279761,3.0813595e-07,0.0005231575,0.9995716,0.0033442082
0.00014919855,0.73459256,0.00022249653,0.072244056,0.13073066,0.00028985064
0.0017691178,0.0012818939,0.1320142,0.013445106,0.019993939,0.0051856944
5.8345988e-05,5.890314e-05,3.5923218e-05,2.7801814e-06,0.008637618,0.0045283413
6.2973327e-06,0.068107046,1.439212e-07,0.12470981,0.0007155692,0.002971636
1.6915287e-08,1.0,1.1949707e-07,1.08407e-06,0.04000607,0.001179987
7.5693486e-11,0.00018813292,1.518972e-06,0.0001406443,1.0,0.005344792
0.006008825,1.0,0.00014278296,0.0028246776,0.050732743,1.1358018e-05
0.00011964718,1.0,0.00013614715,0.002159066,0.21146797,0.026471518
1.2292476e-06,0.00028487298,1.6958789e-07,1.8415085e-06,0.05897788,1.0
3.1503438e-13,6.9537837e-10,9.432353e-09,0.0017255158,0.9931467,0.0073941825
3.3298038e-11,0.0009788154,5.4909233e-11,7.959235e-08,0.65231514,0.017813873
7.74686e-10,0.00010481817,8.9638025e-13,1.6305581e-05,0.0056908857,0.016753672
5.8681976e-13,0.0033036862,3.9908463e-10,6.813884e-05,1.0,0.04830072
0.00024426423,0.00011845588,0.0012486987,0.0018623733,0.007505042,1.0
4.974475e-09,0.0059645707,4.251665e-09,0.0021793677,0.0129979765,0.012661653
2.7102554e-09,0.0031749562,2.3221235e-06,0.00016842889,0.88085437,0.054330334
0.0006737069,1.0,0.05682828,0.085854426,0.010730464,0.00032509936
3.326443e-06,0.0012059818,3.1581903e-06,0.00013700564,0.12652865,1.0
3.1927605e-13,1.90967e-08,9.522845e-13,3.840567e-07,1.0,0.5765096
1.2011644e-13,7.1631646e-08,8.204827e-12,1.0023619e-08,0.00095380517,1.0
4.411185e-05,0.01973046,0.0013235977,0.0009079947,0.0509412,1.0
7.921897e-13,0.001639436,3.470766e-11,7.2423074e-07,1.0,0.011954174
1.869287e-15,5.762444e-06,1.1670605e-14,0.0001605775,0.010964234,0.015170031
1.18039466e-07,0.0011386313,1.2474387e-05,1.2963571e-06,0.029538019,1.0
4.998927e-05,0.0017928752,0.0005528308,7.823567e-05,0.07778012,0.7829059
1.7488145e-09,0.033945687,4.8521537e-10,4.3440704e-07,0.038720876,1.0
1.2372938e-08,1.0,3.028549e-07,2.3971532e-07,0.0025681867,0.008362146
0.0020698179,1.0,6.9902955e-05,5.6310355e-06,0.74737304,0.004901783
1.287985e-06,5.8567732e-08,0.000112083304,0.00497291,0.00012553798,0.00033289677
1.7516882e-10,0.97597224,3.5372292e-07,5.6165214e-07,0.000710838,0.0011470104
0.0013720426,0.0032633368,0.0048427037,0.002744094,0.99999964,0.005871879
0.00022769437,0.081903055,0.55544496,0.00045510934,1.0,0.5356041
3.325899e-08,0.0003308459,1.927354e-09,0.005377172,0.99999976,0.015336929
4.879846e-05,0.0014959545,1.6169773e-07,0.0016754182,1.0,0.0013753736
2.5606668e-11,0.003321343,1.2248789e-09,0.051017538,0.005278759,0.0048233317
1.4819672e-05,0.0002519173,4.2950555e-06,0.00070020946,0.10378364,1.0
0.0032487542,0.0017352401,1.2187072e-06,0.00025262785,0.0030783375,1.0
2.430615e-05,0.20585643,0.00027233682,3.6789606e-07,1.0,0.04464556
4.4638213e-09,0.0012302634,8.176929e-06,0.00030923978,1.0,0.8901796
3.9292005e-09,0.00400222,1.3057216e-08,0.002888048,0.0040384936,0.0061333585
3.1450005e-13,6.636607e-05,1.9384834e-10,0.00013023595,0.021453077,0.17508176
7.290529e-15,4.408746e-09,4.5330588e-14,2.205018e-06,0.0012677918,1.0
1.8413473e-07,4.059489e-07,1.3378462e-12,1.2697053e-05,0.0017709098,1.0
6.5345934e-10,2.9682791e-05,3.138158e-09,3.529254e-06,0.0021099146,1.0
7.781666e-09,1.0,6.7442684e-08,0.9999969,0.007971175,0.20987646
6.8818044e-05,0.0013970155,0.0001120677,0.005143677,0.014298222,0.004627495
4.1885702e-08,0.015372283,0.00011562657,0.00045593266,0.111960985,0.009438768
5.312199e-15,2.3513337e-06,2.2856647e-14,6.1077364e-05,0.0007851488,0.0149538135
9.307559e-08,0.99995685,8.140821e-08,0.00037726245,0.01706891,0.0035280117
9.326912e-05,0.0093073165,3.1321879e-06,0.00013743338,1.0,0.074078605
0.00030309331,0.0025606188,0.004450101,0.0002996389,0.49960133,6.464449e-06
6.459369e-08,1.0,1.1875465e-09,2.391377e-05,4.7397218e-05,0.0246941
6.9051556e-11,0.00028892633,9.284177e-05,0.00034462576,0.044526894,1.0
4.339277e-13,3.074239e-13,1.3541126e-15,7.104906e-10,5.2024815e-11,5.6891335e-11
6.117673e-08,0.00021453275,1.9675592e-06,3.250192e-05,1.0,0.61273295
0.0002574371,1.0,5.6862726e-05,0.0050165425,0.0024875235,0.0011380473
6.8076246e-11,0.001185504,7.5671014e-10,3.057231e-08,1.0,0.006249898
2.5718392e-09,5.1319275e-05,4.849585e-05,0.00011491846,0.0017707455,1.0
1.5156727e-06,0.011138047,1.216877e-06,0.24333376,1.0,0.011068121
0.00013232318,0.0018778831,6.7601526e-05,2.2885893e-06,1.0,0.0011668364
5.107063e-07,1.0,0.00038522482,0.00017063979,0.020994734,0.0037619544
